target_id,url,asin,product_name,category,active,notes
amzn_b0000anht7,https://www.amazon.com/dp/B0000ANHT7/,B0000ANHT7,Carhartt Men's Iconic K87 Pocket T-Shirt,best_sellers,true,Discovered from Amazon Best Sellers rank 1 on 2026-06-08
amzn_b0014byhje,https://www.amazon.com/dp/B0014BYHJE/,B0014BYHJE,"Crocs Unisex-Adult Classic Clog, Clogs for Women and Men",best_sellers,true,Discovered from Amazon Best Sellers rank 14 on 2026-06-08
amzn_b001pu9a9q,https://www.amazon.com/dp/B001PU9A9Q/,B001PU9A9Q,Nippies Nipple Covers for Women - Reusable Sticky Silicone Pasties with Travel Case - Original Circle or Lift Style Available,best_sellers,true,Discovered from Amazon Best Sellers rank 15 on 2026-06-08
amzn_b002dyizee,https://www.amazon.com/dp/B002DYIZEE/,B002DYIZEE,"Optimum Nutrition Micronized Creatine Monohydrate Powder, Unflavored, 60 Servings, 300 Grams (Packaging May Vary)",best_sellers,true,Discovered from Amazon Best Sellers rank 19 on 2026-06-08
amzn_b002dyizh6,https://www.amazon.com/dp/B002DYIZH6/,B002DYIZH6,"Optimum Nutrition Gold Standard 100% Whey Protein Powder, Double Rich Chocolate 1.98 Pound (Packaging May Vary)",best_sellers,true,Discovered from Amazon Best Sellers rank 22 on 2026-06-08
amzn_b002msn3qq,https://www.amazon.com/dp/B002MSN3QQ/,B002MSN3QQ,"EltaMD UV Clear Face Sunscreen SPF, Oil-Free Sunscreen with Zinc Oxide, Dermatologist Recommended",best_sellers,true,Discovered from Amazon Best Sellers rank 11 on 2026-06-08
amzn_b004qf0tfq,https://www.amazon.com/dp/B004QF0TFQ/,B004QF0TFQ,"Dickies Men's Dri-Tech Essential Moisture Control Crew Socks, Available in M-XXL (6, 12 Pairs)",best_sellers,true,Discovered from Amazon Best Sellers rank 29 on 2026-06-09
amzn_b00949ctqq,https://www.amazon.com/dp/B00949CTQQ/,B00949CTQQ,"Paula's Choice SKIN PERFECTING 2% BHA Liquid Exfoliant with Salicylic Acid, Facial Polish for Pores, Wrinkles & Fine Lines, Suitable for Blackhead-Prone Skin, Fragrance-Free",best_sellers,true,Discovered from Amazon Best Sellers rank 20 on 2026-06-08
amzn_b00ainmfac,https://www.amazon.com/dp/B00AINMFAC/,B00AINMFAC,"Nizoral Anti-Dandruff Shampoo with 1% Ketoconazole, Fresh Scent, 7 Fl Oz",best_sellers,true,Discovered from Amazon Best Sellers rank 17 on 2026-06-08
amzn_b00b6a6xok,https://www.amazon.com/dp/B00B6A6XOK/,B00B6A6XOK,"BAND-AID Brand Flexible Fabric Adhesive Bandages, Comfortable Sterile Protection & Wound Care for Minor Cuts, Scrapes & Burns, First Aid Kit Essential, Non-Stick Hurt-Free Pad, Assorted Sizes, 100 Ct",best_sellers,true,Discovered from Amazon Best Sellers rank 29 on 2026-06-08
amzn_b00bub7tm0,https://www.amazon.com/dp/B00BUB7TM0/,B00BUB7TM0,Over 50 DIFFERENT World Coins (1/2) Half Pound Grab Bag,best_sellers,true,Discovered from Amazon Best Sellers rank 36 on 2026-06-08
amzn_b00c91q86i,https://www.amazon.com/dp/B00C91Q86I/,B00C91Q86I,"Affresh Washing Machine Cleaner, Helps Power Away Odor Causing Bacteria & Grime Deep Inside Pump, Valve & Hoses, 6 Time Release Tablets, 6 Month Supply",best_sellers,true,Discovered from Amazon Best Sellers rank 26 on 2026-06-08
amzn_b00d1arzmc,https://www.amazon.com/dp/B00D1ARZMC/,B00D1ARZMC,"Hanes Men's Undershirt Packs, Stay-Tucked Soft Cotton Undershirts, Best Undershirts for Men, White/Black/Asstd Multipacks",best_sellers,true,Discovered from Amazon Best Sellers rank 11 on 2026-06-08
amzn_b00eb4adqw,https://www.amazon.com/dp/B00EB4ADQW/,B00EB4ADQW,"Fujifilm, Instax Mini Instant Film, 20 Photos",best_sellers,true,Discovered from Amazon Best Sellers rank 18 on 2026-06-08
amzn_b00erc8u4k,https://www.amazon.com/dp/B00ERC8U4K/,B00ERC8U4K,"One Year Rarities Coin Collection, Genuine United States Minted Coins, Americana Collectible, Certificate of Authenticity – American Coin Treasures",best_sellers,true,Discovered from Amazon Best Sellers rank 23 on 2026-06-08
amzn_b00fzr1c7i,https://www.amazon.com/dp/B00FZR1C7I/,B00FZR1C7I,"Hanes Women's Underwear Pack, 10-Pack, Full-Coverage Cotton Blend Panties, Moisture-Wicking Underwear for Women",best_sellers,true,Discovered from Amazon Best Sellers rank 30 on 2026-06-09
amzn_b00g2xgc88,https://www.amazon.com/dp/B00G2XGC88/,B00G2XGC88,"Lodge Seasoned Cast Iron Skillet 12 Inches - Quality Frying Pan for the Stove, Oven, Grill & Campfire - Includes Silicone Hot Handle Holder - Non-Toxic, Nonstick & Long-Lasting",best_sellers,true,Discovered from Amazon Best Sellers rank 27 on 2026-06-08
amzn_b00gl2hmes,https://www.amazon.com/dp/B00GL2HMES/,B00GL2HMES,"Nutricost Creatine Monohydrate Micronized Powder 500G, 5000mg Per Serv (5g) - 100 Servings, 17.9 Oz",best_sellers,true,Discovered from Amazon Best Sellers rank 28 on 2026-06-08
amzn_b00lh3dmuo,https://www.amazon.com/dp/B00LH3DMUO/,B00LH3DMUO,"Amazon Basics AAA Long-Lasting Alkaline Batteries, 36-Count, 1.5 Volt, Reliable Performance, 10-Year Shelf Life, Emergency Storage",best_sellers,true,Discovered from Amazon Best Sellers rank 18 on 2026-06-08
amzn_b00ntch52w,https://www.amazon.com/dp/B00NTCH52W/,B00NTCH52W,"Amazon Basics 20-Pack AA Alkaline Batteries, 1.5 Volt, 10-Year Leak-Free Shelf Life, for Everyday and Household Devices",best_sellers,true,Discovered from Amazon Best Sellers rank 27 on 2026-06-08
amzn_b00s93equk,https://www.amazon.com/dp/B00S93EQUK/,B00S93EQUK,Alpha Grillers Meat Thermometer Digital – Instant Read Food Thermometer for Cooking & Grilling – Professional Kitchen Fathers Day Gift for Dad Men Him Husband,best_sellers,true,Discovered from Amazon Best Sellers rank 23 on 2026-06-08
amzn_b00t0c9xrk,https://www.amazon.com/dp/B00T0C9XRK/,B00T0C9XRK,essence | Lash Princess False Lash Effect Mascara | Volumizing & Lengthening | Cruelty Free & Paraben Free,best_sellers,true,Discovered from Amazon Best Sellers rank 26 on 2026-06-08
amzn_b00ttd9brc,https://www.amazon.com/dp/B00TTD9BRC/,B00TTD9BRC,"CeraVe Moisturizing Cream, Body and Face Moisturizer for Dry Skin, Body Cream with Hyaluronic Acid and Ceramides, Daily Moisturizer, Oil-Free, Fragrance Free, Non-Comedogenic, 19 Ounce",best_sellers,true,Discovered from Amazon Best Sellers rank 25 on 2026-06-08
amzn_b00u2vqzds,https://www.amazon.com/dp/B00U2VQZDS/,B00U2VQZDS,"Neutrogena Makeup Remover Wipes Micellar Alcohol-Free Face Towelettes Remove Waterproof Mascara & Oil, Compostable 100% Plant-Based Cloth, Dermatologist & Ophthalmologist Tested, Twin Pack 2 x 25 ct",best_sellers,true,Discovered from Amazon Best Sellers rank 17 on 2026-06-08
amzn_b0107qpfbu,https://www.amazon.com/dp/B0107QPFBU/,B0107QPFBU,"Aquaphor Healing Ointment Advanced Therapy Skin Protectant, Dry Skin Body Moisturizer, 7 Oz Tube",best_sellers,true,Discovered from Amazon Best Sellers rank 19 on 2026-06-08
amzn_b010ne2xpc,https://www.amazon.com/dp/B010NE2XPC/,B010NE2XPC,DUDE Wipes Unscented Flushable Wipes - Extra-Large Adult Wet Wipes for Sensitive Skin - 6 Pack (288 Count) - Infused with Vitamin E and Aloe - Septic and Sewer Safe,best_sellers,true,Discovered from Amazon Best Sellers rank 7 on 2026-06-08
amzn_b0113uzje2,https://www.amazon.com/dp/B0113UZJE2/,B0113UZJE2,"Etekcity Food Kitchen Scale, Digital Grams and Ounces for Weight Loss, Baking, Cooking, Keto and Meal Prep, LCD Display, Medium, 304 Stainless Steel",best_sellers,true,Discovered from Amazon Best Sellers rank 22 on 2026-06-08
amzn_b011lookv8,https://www.amazon.com/dp/B011LOOKV8/,B011LOOKV8,50 Wheat Pennies (Unsearched Shotgun Roll) - Mixed Years Circulated Good or Better.,best_sellers,true,Discovered from Amazon Best Sellers rank 15 on 2026-06-08
amzn_b01avdvhti,https://www.amazon.com/dp/B01AVDVHTI/,B01AVDVHTI,"Fit Simplify Resistance Loop Exercise Bands with Instruction Guide and Carry Bag, Set of 5",best_sellers,true,Discovered from Amazon Best Sellers rank 23 on 2026-06-09
amzn_b01eig6a4q,https://www.amazon.com/dp/B01EIG6A4Q/,B01EIG6A4Q,"Miss Mouth's Messy Eater Stain Treater Spray - 4oz Stain Remover - Newborn & Baby Essentials - No Dry Cleaning Food, Grease, Coffee Off Laundry, Underwear, Fabric",best_sellers,true,Discovered from Amazon Best Sellers rank 16 on 2026-06-08
amzn_b01k1tx77w,https://www.amazon.com/dp/B01K1TX77W/,B01K1TX77W,"Rainleaf Microfiber Towel Perfect Travel & Gym & Camping Towel. Quick Dry - Super Absorbent - Ultra Compact - Lightweight. Suitable for Trip, Beach, Shower, Backpacking, Pool",best_sellers,true,Discovered from Amazon Best Sellers rank 8 on 2026-06-09
amzn_b01lp0u5x0,https://www.amazon.com/dp/B01LP0U5X0/,B01LP0U5X0,Amazon Basics Extra Thick Exercise Yoga Mat with Carrying Strap,best_sellers,true,Discovered from Amazon Best Sellers rank 18 on 2026-06-09
amzn_b01lr5rg08,https://www.amazon.com/dp/B01LR5RG08/,B01LR5RG08,Amazon Basics Neoprene Dumbbell Hand Weights for Exercise and Muscle Toning,best_sellers,true,Discovered from Amazon Best Sellers rank 32 on 2026-06-09
amzn_b01mdtvztz,https://www.amazon.com/dp/B01MDTVZTZ/,B01MDTVZTZ,"The Ordinary Niacinamide 10% + Zinc 1%, Smoothing Serum for Blemish-Prone Skin",best_sellers,true,Discovered from Amazon Best Sellers rank 30 on 2026-06-09
amzn_b01mqxx9us,https://www.amazon.com/dp/B01MQXX9US/,B01MQXX9US,"Banana Boat Sport Ultra SPF 50 Sunscreen Spray | Banana Boat Sunscreen Spray SPF 50, Water Resistant, Oxybenzone Free, Sunblock, 6oz each Twin Pack",best_sellers,true,Discovered from Amazon Best Sellers rank 16 on 2026-06-08
amzn_b01mtb55wh,https://www.amazon.com/dp/B01MTB55WH/,B01MTB55WH,"Anker Soundcore 2 Portable Bluetooth Speaker with Stereo Sound, Bluetooth 5, Bassup, IPX7 Waterproof, 24-Hour Playtime, Wireless, Speaker for Home, Outdoors, Travel",best_sellers,true,Discovered from Amazon Best Sellers rank 30 on 2026-06-09
amzn_b01myezpc8,https://www.amazon.com/dp/B01MYEZPC8/,B01MYEZPC8,"The Ordinary Hyaluronic Acid 2% + B5 (with Ceramides), Multi-Depth Hydration Serum for Plumper, Smoother Skin",best_sellers,true,Discovered from Amazon Best Sellers rank 29 on 2026-06-09
amzn_b01n0fy3e4,https://www.amazon.com/dp/B01N0FY3E4/,B01N0FY3E4,Reaction Tackle Braided Fishing Line - Pro Grade Power Performance for Saltwater or Freshwater Fish - Colored Fishing Line Braid for Extra Visibility,best_sellers,true,Discovered from Amazon Best Sellers rank 22 on 2026-06-09
amzn_b01n9spqhq,https://www.amazon.com/dp/B01N9SPQHQ/,B01N9SPQHQ,"La Roche-Posay Toleriane Double Repair Face Moisturizer, Daily Moisturizer Face Cream with Ceramide & Niacinamide for All Skin Types, Immediate Comfort & Long Lasting Hydration, Fragrance Free",best_sellers,true,Discovered from Amazon Best Sellers rank 18 on 2026-06-08
amzn_b06x9nq8gx,https://www.amazon.com/dp/B06X9NQ8GX/,B06X9NQ8GX,"Amazon Basics Digital Kitchen Scale with LCD Display, Tare Function, Multiple Units, Weighs up to 11 Pounds, Batteries Included, Black and Stainless Steel",best_sellers,true,Discovered from Amazon Best Sellers rank 15 on 2026-06-08
amzn_b071914ggl,https://www.amazon.com/dp/B071914GGL/,B071914GGL,"The Ordinary Glycolic Acid 7% Exfoliating Toner, Brightening and Smoothing Daily Toner for More Even-Looking Skin Tone",best_sellers,true,Discovered from Amazon Best Sellers rank 16 on 2026-06-08
amzn_b073wjmkhn,https://www.amazon.com/dp/B073WJMKHN/,B073WJMKHN,YETI Rambler 20 oz Stainless Steel Vacuum Insulated Tumbler w/MagSlider Lid,best_sellers,true,Discovered from Amazon Best Sellers rank 21 on 2026-06-08
amzn_b0748j34wz,https://www.amazon.com/dp/B0748J34WZ/,B0748J34WZ,"Dixie Medium Paper Plates, 8.5 Inch, 90 Count, 2X Stronger*, Microwave-Safe, Soak-Proof, Cut Resistant, Disposable Plates For Everyday Breakfast, Lunch, & Dinner Meals",best_sellers,true,Discovered from Amazon Best Sellers rank 13 on 2026-06-08
amzn_b074pvtpbw,https://www.amazon.com/dp/B074PVTPBW/,B074PVTPBW,"Mighty Patch Original Patch from Hero Cosmetics - #1 Hydrocolloid Acne Pimple Patches for Face, Shrinking Zits & Whiteheads in 1 Use, Nighttime Spot Pimple Stickers for Face, 36 Count",best_sellers,true,Discovered from Amazon Best Sellers rank 15 on 2026-06-08
amzn_b07518rbh2,https://www.amazon.com/dp/B07518RBH2/,B07518RBH2,"ZELUS Weighted Vest, 6lb/8lb/12lb/16lb/20lb/25lb/30lb Weight Vest with Reflective Stripe for Workout, Strength Training, Running, Fitness, Muscle Building, Weight Loss, Weightlifting",best_sellers,true,Discovered from Amazon Best Sellers rank 11 on 2026-06-09
amzn_b075zz7xkd,https://www.amazon.com/dp/B075ZZ7XKD/,B075ZZ7XKD,"Gildan Adult Ultra Cotton T-Shirt, Style G2000, Multipack",best_sellers,true,Discovered from Amazon Best Sellers rank 21 on 2026-06-08
amzn_b0775m7srd,https://www.amazon.com/dp/B0775M7SRD/,B0775M7SRD,"Amazon Essentials Women's Slim-Fit Scoop Neck Tank Top, Pack of 2",best_sellers,true,Discovered from Amazon Best Sellers rank 27 on 2026-06-08
amzn_b0798dvt68,https://www.amazon.com/dp/B0798DVT68/,B0798DVT68,"Charmin Ultra Soft Cushiony Touch Toilet Paper, 24 Family Mega = 123 Regular Rolls, White",best_sellers,true,Discovered from Amazon Best Sellers rank 9 on 2026-06-08
amzn_b079m8fptw,https://www.amazon.com/dp/B079M8FPTW/,B079M8FPTW,Rubbermaid Brilliance Tritan Plastic Food Storage Containers BPA Free Airtight Lids Ideal for Lunch Meal Prep & Leftovers Set of 5 (3.2 Cup),best_sellers,true,Discovered from Amazon Best Sellers rank 26 on 2026-06-08
amzn_b079vp6dh5,https://www.amazon.com/dp/B079VP6DH5/,B079VP6DH5,"Bounty Paper Towels Quick Size, White, 16 Family Rolls = 40 Regular Rolls",best_sellers,true,Discovered from Amazon Best Sellers rank 25 on 2026-06-08
amzn_b07bglt25k,https://www.amazon.com/dp/B07BGLT25K/,B07BGLT25K,"Scott ComfortPlus Toilet Paper, 12 Triple Rolls, 231 Sheets per Roll, Septic-Safe, 1-Ply Toilet Tissue",best_sellers,true,Discovered from Amazon Best Sellers rank 26 on 2026-06-08
amzn_b07fw3gtxb,https://www.amazon.com/dp/B07FW3GTXB/,B07FW3GTXB,Alex Tech 10ft - 1/2 inch Cord Protector Wire Loom Tubing Cable Sleeve Split Sleeving For USB Cable Power Cord Audio Video Cable – Protect Cat From Chewing - Black,best_sellers,true,Discovered from Amazon Best Sellers rank 29 on 2026-06-08
amzn_b07gb3nvn1,https://www.amazon.com/dp/B07GB3NVN1/,B07GB3NVN1,"Native Deodorant Contains Naturally Derived Ingredients, 72 Hour Odor Control, Deodorant for Women and Men, Aluminum Free, Coconut & Vanilla 2.65oz",best_sellers,true,Discovered from Amazon Best Sellers rank 29 on 2026-06-08
amzn_b07gjzqtws,https://www.amazon.com/dp/B07GJZQTWS/,B07GJZQTWS,"Megababe Thigh Rescue Anti-Chafe Stick Mini | Travel size, great for on-the-go | Prevents skin chafe & irritation | Thighs, arms, bra-lines & more",best_sellers,true,Discovered from Amazon Best Sellers rank 27 on 2026-06-09
amzn_b07jdfpqtc,https://www.amazon.com/dp/B07JDFPQTC/,B07JDFPQTC,"Gildan Men's Crew T-Shirts, Multipack, Style G1100",best_sellers,true,Discovered from Amazon Best Sellers rank 5 on 2026-06-08
amzn_b07k9q32mr,https://www.amazon.com/dp/B07K9Q32MR/,B07K9Q32MR,Morgan Silver Dollar (Pre 1921 Morgan Silver Dollar 1878 to 1904),best_sellers,true,Discovered from Amazon Best Sellers rank 17 on 2026-06-08
amzn_b07m989jlf,https://www.amazon.com/dp/B07M989JLF/,B07M989JLF,"Comfort Colors Adult Heavyweight Short Sleeve Tee, Style G1717/G1745, Multipack",best_sellers,true,Discovered from Amazon Best Sellers rank 26 on 2026-06-08
amzn_b07mfmwfyl,https://www.amazon.com/dp/B07MFMWFYL/,B07MFMWFYL,"MRS. MEYER'S CLEAN DAY Hand Soap Refill, Rain Water Scent, 33 Fl Oz Bottle",best_sellers,true,Discovered from Amazon Best Sellers rank 14 on 2026-06-08
amzn_b07nd3wr64,https://www.amazon.com/dp/B07ND3WR64/,B07ND3WR64,"Cottonelle Fresh Feel Flushable Wet Wipes, Adult Wet Wipes, 8 Flip-Top Packs, 42 Wipes Per Pack (336 Total Wipes), Packaging May Vary",best_sellers,true,Discovered from Amazon Best Sellers rank 14 on 2026-06-08
amzn_b07p5k7dqp,https://www.amazon.com/dp/B07P5K7DQP/,B07P5K7DQP,"Pure Encapsulations Magnesium (Glycinate) - Supplement to Support Stress Relief, Sleep, Heart Health, Nerves, Muscles, and Metabolism* - with Magnesium Glycinate - 90 Capsules",best_sellers,true,Discovered from Amazon Best Sellers rank 12 on 2026-06-08
amzn_b07pbxxncy,https://www.amazon.com/dp/B07PBXXNCY/,B07PBXXNCY,"Clean Skin Club Clean Towels XL®, 100% USDA Biobased Face Towel, Disposable Face Towelette, Eczema Association Accepted, Makeup Remover Dry Wipes, Ultra Soft, 1 Pack, 50 Ct",best_sellers,true,Discovered from Amazon Best Sellers rank 8 on 2026-06-08
amzn_b07pfyt8mc,https://www.amazon.com/dp/B07PFYT8MC/,B07PFYT8MC,"Reynolds Kitchens Unbleached Parchment Paper Roll, Non Stick Parchment Paper for Cooking and Baking, Oven Safe up to 425 Degrees, Chlorine-Free, 45 Feet x 12 Inches, 45 Total Sq. Ft.",best_sellers,true,Discovered from Amazon Best Sellers rank 12 on 2026-06-08
amzn_b07plzp5ln,https://www.amazon.com/dp/B07PLZP5LN/,B07PLZP5LN,"HEETA Dry Bag Waterproof for Women Men, 5L/10L/20L/30L/40L Roll Top Lightweight Dry Storage Bag Backpack with Phone Case for Travel Swimming Boating Kayaking Paddle Board Camping Beach Accessories",best_sellers,true,Discovered from Amazon Best Sellers rank 20 on 2026-06-09
amzn_b07pzf3qs3,https://www.amazon.com/dp/B07PZF3QS3/,B07PZF3QS3,"KitchenAid All Purpose Kitchen Shears with Protective Sheath Durable Stainless Steel Scissors, Dishwasher Safe, Soft Grip Comfort Handle, 8.72 Inch, Black",best_sellers,true,Discovered from Amazon Best Sellers rank 24 on 2026-06-08
amzn_b07rz4djll,https://www.amazon.com/dp/B07RZ4DJLL/,B07RZ4DJLL,Unsearched Wheat Penny Roll w/Silver Mercury Dime End Old Us Coin Shotgun Lot Mixed Years Circulated Vintage Collector,best_sellers,true,Discovered from Amazon Best Sellers rank 26 on 2026-06-08
amzn_b07sh31t9v,https://www.amazon.com/dp/B07SH31T9V/,B07SH31T9V,LMNT Zero Sugar Electrolytes - Raspberry Salt | Drink Mix | 30-Count,best_sellers,true,Discovered from Amazon Best Sellers rank 28 on 2026-06-09
amzn_b07wmqp4sf,https://www.amazon.com/dp/B07WMQP4SF/,B07WMQP4SF,"Homaxy 100% Cotton Waffle Weave Kitchen Dish Cloths, Ultra Soft Absorbent Quick Drying Dish Towels, 12 x 12 Inches, 6-Pack, Dark Grey",best_sellers,true,Discovered from Amazon Best Sellers rank 13 on 2026-06-08
amzn_b07xxsyll8,https://www.amazon.com/dp/B07XXSYLL8/,B07XXSYLL8,"TempPro TP19H Digital Meat Thermometer for Cooking, 1 Sec Instant Read Food Thermometer with Motion-Sensing Wake for BBQ Grill Oil Fry Candy for Fathers Day Gift for Dad Men (Previously ThermoPro)",best_sellers,true,Discovered from Amazon Best Sellers rank 23 on 2026-06-08
amzn_b07yp2vh4b,https://www.amazon.com/dp/B07YP2VH4B/,B07YP2VH4B,"KitchenAid Classic Multifunction Can Opener and Bottle Opener Easy to Use, Razor Sharp Stainless Steel Cutting Wheel, Soft Ergonomic Handles, Black",best_sellers,true,Discovered from Amazon Best Sellers rank 11 on 2026-06-08
amzn_b081dy9881,https://www.amazon.com/dp/B081DY9881/,B081DY9881,SEEKWAY Water Shoes Men Women Adult Quick-Dry Aqua Sock Barefoot for Beach Swim River Pool Lake Hiking Kayaking Surfing,best_sellers,true,Discovered from Amazon Best Sellers rank 20 on 2026-06-08
amzn_b081kl2qyj,https://www.amazon.com/dp/B081KL2QYJ/,B081KL2QYJ,"PanOxyl 10% Benzoyl Peroxide Acne Foaming Wash, Maximum Strength, Daily Acne-Fighting Face and Body Cleanser, Face Wash to Clear, Treat and Prevent Acne Pimples and Stubborn Breakouts, 5.5 Oz Tube",best_sellers,true,Discovered from Amazon Best Sellers rank 10 on 2026-06-08
amzn_b081zw7wgz,https://www.amazon.com/dp/B081ZW7WGZ/,B081ZW7WGZ,Speedo Kids' Swim Goggles Sunny G Ages 3-8,best_sellers,true,Discovered from Amazon Best Sellers rank 19 on 2026-06-09
amzn_b083jhccv2,https://www.amazon.com/dp/B083JHCCV2/,B083JHCCV2,"Boka Fluoride Free Toothpaste, Nano Hydroxyapatite Toothpaste, Appropriate for Sensitive Teeth - for Adult Oral Care - Ela Mint Flavor, 4 Fl Oz 1Pk",best_sellers,true,Discovered from Amazon Best Sellers rank 20 on 2026-06-08
amzn_b083vxq7mg,https://www.amazon.com/dp/B083VXQ7MG/,B083VXQ7MG,"Blue Lizard Kids Mineral SPF 50 Sunscreen Stick, Zinc Oxide, 100% Mineral Actives, Developed for Kids’ Sensitive Skin, TSA-Friendly, Vegan, Paraben-free, Fragrance-Free, 0.5 oz",best_sellers,true,Discovered from Amazon Best Sellers rank 22 on 2026-06-08
amzn_b084zp848y,https://www.amazon.com/dp/B084ZP848Y/,B084ZP848Y,"Blue Lizard Sensitive Mineral SPF 50 Sunscreen Lotion, 100% Mineral Sunscreen, UVA/UVB Protection, Infused with organic Aloe Vera, Soothes and Hydrates, 5 fl oz",best_sellers,true,Discovered from Amazon Best Sellers rank 9 on 2026-06-08
amzn_b0869hgsvl,https://www.amazon.com/dp/B0869HGSVL/,B0869HGSVL,"Intex 64417ED 22in Queen Dura-Beam Comfort Plush High-Rise Inflatable Air Mattress with Built in Pump for Travel and Camping, 600lb Weight Capacity",best_sellers,true,Discovered from Amazon Best Sellers rank 15 on 2026-06-09
amzn_b086ksdtq4,https://www.amazon.com/dp/B086KSDTQ4/,B086KSDTQ4,"Hanes mens Underwear Boxer Briefs Pack, Cool & Breathable Cotton Moisture-wicking Underwear for Men, No Ride Up",best_sellers,true,Discovered from Amazon Best Sellers rank 3 on 2026-06-08
amzn_b089qrtxt1,https://www.amazon.com/dp/B089QRTXT1/,B089QRTXT1,1976 U.S. Proof Set in Original Government Packaging,best_sellers,true,Discovered from Amazon Best Sellers rank 30 on 2026-06-08
amzn_b08czfhx27,https://www.amazon.com/dp/B08CZFHX27/,B08CZFHX27,"Amazon Essentials Women's Breathable Cotton Bikini Brief Underwear with Full Coverage, Multipacks",best_sellers,true,Discovered from Amazon Best Sellers rank 16 on 2026-06-08
amzn_b08h3jph74,https://www.amazon.com/dp/B08H3JPH74/,B08H3JPH74,"Maybelline Lash Sensational Sky High Washable Mascara Makeup, Volumizing, Lengthening, Defining, Curling, Multiplying, Buildable Formula, Blackest Black, 1 Count",best_sellers,true,Discovered from Amazon Best Sellers rank 13 on 2026-06-08
amzn_b08jhcvhty,https://www.amazon.com/dp/B08JHCVHTY/,B08JHCVHTY,blink plus plan with monthly auto-renewal,best_sellers,true,Discovered from Amazon Best Sellers rank 7 on 2026-06-08
amzn_b08jpc2m46,https://www.amazon.com/dp/B08JPC2M46/,B08JPC2M46,Seago Swim Goggles 2 Pack Anti-Fog Anti-UV Wide View Swimming Goggles for Kids 3-14,best_sellers,true,Discovered from Amazon Best Sellers rank 31 on 2026-06-09
amzn_b08qdwmmw5,https://www.amazon.com/dp/B08QDWMMW5/,B08QDWMMW5,"Cool Coolers by Fit & Fresh 4 Pack XL Slim Ice Packs, Quick Freeze Space Saving Reusable Ice Packs for Lunch Boxes or Coolers",best_sellers,true,Discovered from Amazon Best Sellers rank 13 on 2026-06-09
amzn_b08qxj31wr,https://www.amazon.com/dp/B08QXJ31WR/,B08QXJ31WR,"Ninja Nutri-Blender Pro with Auto-iQ | For Smoothies, Shakes, Frozen Drinks, Salsa, Dips | (2) 24-oz. To-Go Cups & Spout Lids | 1100-Peak-Watt | Silver | BN401",best_sellers,true,Discovered from Amazon Best Sellers rank 28 on 2026-06-08
amzn_b08r6s1m1k,https://www.amazon.com/dp/B08R6S1M1K/,B08R6S1M1K,"Wall Charger, Surge Protector, QINLIANF 5 Outlet Extender with 4 USB Charging Ports, 3-Sided 1680J Power Strip Multi Plug Adapter Spaced for Home Travel Office",best_sellers,true,Discovered from Amazon Best Sellers rank 10 on 2026-06-08
amzn_b08tvlyb3q,https://www.amazon.com/dp/B08TVLYB3Q/,B08TVLYB3Q,"Cable Zip Ties,400 Pack Black Assorted Sizes 12+8+6+4 Inch,Multi-Purpose Self-Locking Nylon Cable Cord Management,Plastic Wire Ties for Home,Office,Garden,Workshop. By HAVE ME TD",best_sellers,true,Discovered from Amazon Best Sellers rank 26 on 2026-06-08
amzn_b08wyxnvq7,https://www.amazon.com/dp/B08WYXNVQ7/,B08WYXNVQ7,"Salt & Stone Aluminum Free Deodorant | Extra Strength 48 Hour Protection for Women & Men | Made with Seaweed Extracts, Niacinamide & Prebiotics | Santal & Vetiver",best_sellers,true,Discovered from Amazon Best Sellers rank 24 on 2026-06-08
amzn_b091zdj6jf,https://www.amazon.com/dp/B091ZDJ6JF/,B091ZDJ6JF,adidas Unisex Adult Adilette Shower Slide Sandal,best_sellers,true,Discovered from Amazon Best Sellers rank 27 on 2026-06-09
amzn_b092j8lpwr,https://www.amazon.com/dp/B092J8LPWR/,B092J8LPWR,"Surge Protector Power Strip - HANYCONY 8 Outlets 4 USB (2 USB C) Charging Ports, Multi Plug Outlet Extender, 5Ft Braided Extension Cord, Flat Plug Wall Mount Desk Charging Station for Home Office ETL",best_sellers,true,Discovered from Amazon Best Sellers rank 28 on 2026-06-08
amzn_b093x8qq12,https://www.amazon.com/dp/B093X8QQ12/,B093X8QQ12,"Amazon Basics Tall Kitchen Drawstring Trash Bags, Sturdy and Tear Resistant, 13 Gallon, Unscented, 120 Count",best_sellers,true,Discovered from Amazon Best Sellers rank 23 on 2026-06-08
amzn_b09541p9wh,https://www.amazon.com/dp/B09541P9WH/,B09541P9WH,"Amazon Basics Double-Tipped Cotton Swabs for Personal Hygiene and Baby Care, Cotton, Versatile, Baby Safe, 500 Count",best_sellers,true,Discovered from Amazon Best Sellers rank 14 on 2026-06-08
amzn_b09542g9zn,https://www.amazon.com/dp/B09542G9ZN/,B09542G9ZN,"Amazon Basics Hypoallergenic Cotton Rounds for Makeup Removal and Skincare, 100 Count, 1 Pack",best_sellers,true,Discovered from Amazon Best Sellers rank 7 on 2026-06-08
amzn_b095cn96js,https://www.amazon.com/dp/B095CN96JS/,B095CN96JS,"Amazon Basics 2-Ply Soft Toilet Paper, 30 Rolls (5 Packs of 6), 350 Sheets per Roll, Septic Safe, Equivalent to 185 Regular Rolls",best_sellers,true,Discovered from Amazon Best Sellers rank 10 on 2026-06-08
amzn_b096437yck,https://www.amazon.com/dp/B096437YCK/,B096437YCK,Crocs Kid's Classic Clog (Little Kid/Big Kid/Toddler),best_sellers,true,Discovered from Amazon Best Sellers rank 9 on 2026-06-08
amzn_b09b8v1lz3,https://www.amazon.com/dp/B09B8V1LZ3/,B09B8V1LZ3,"Amazon Echo Dot (newest model) - Vibrant sounding speaker, Designed for Alexa+, Great for bedrooms, dining rooms and offices, Charcoal",best_sellers,true,Discovered from Amazon Best Sellers rank 16 on 2026-06-08
amzn_b09bwfx1l6,https://www.amazon.com/dp/B09BWFX1L6/,B09BWFX1L6,"Amazon Basics 2-Ply Flex-Sheets Paper Towels, 12 Basics Rolls = 40 Regular Rolls, Everyday Value with 150 Sheets per Roll, Packaging May Vary",best_sellers,true,Discovered from Amazon Best Sellers rank 17 on 2026-06-08
amzn_b09df9nwc7,https://www.amazon.com/dp/B09DF9NWC7/,B09DF9NWC7,"Jump Rope, Tangle-Free Rapid Speed Jumping Rope Cable with Ball Bearings for Women, Men & Kids, Adjustable Steel Jump Rope with Foam Handles for Home Gym Exercise Fitness Workout Equipment & Slim Body",best_sellers,true,Discovered from Amazon Best Sellers rank 25 on 2026-06-09
amzn_b09ft58qqp,https://www.amazon.com/dp/B09FT58QQP/,B09FT58QQP,"TOZO A1 Wireless Earbuds Bluetooth 5.3 Light Weight in Ear IPX5 Waterproof Headphones 2 Mic for AI Calls, Immersive Premium Sound Bass Headset with Charging Case, 32 Presets EQ Customization via App",best_sellers,true,Discovered from Amazon Best Sellers rank 22 on 2026-06-08
amzn_b09hhdhxwx,https://www.amazon.com/dp/B09HHDHXWX/,B09HHDHXWX,"Amazon Basics Gentle & Mild Clear Liquid Hand Soap Refill, Triclosan-Free, Dermatologist-Tested, pH Balanced, Cruelty-Free, 50 Fluid Ounces, 1-Pack (Previously Solimo)",best_sellers,true,Discovered from Amazon Best Sellers rank 15 on 2026-06-08
amzn_b09jfr8htv,https://www.amazon.com/dp/B09JFR8HTV/,B09JFR8HTV,J.VER Men's Dress Shirts Solid Long Sleeve Stretch Wrinkle-Free Formal Shirt Business Casual Button Down Shirts,best_sellers,true,Discovered from Amazon Best Sellers rank 25 on 2026-06-08
amzn_b09nw92t8q,https://www.amazon.com/dp/B09NW92T8Q/,B09NW92T8Q,"Sparkle Pick-A-Size Paper Towels, 6 Double Rolls (660 Sheets Total) - Strong 2-Ply Towels for Kitchen Cleanup and Everyday Messes",best_sellers,true,Discovered from Amazon Best Sellers rank 8 on 2026-06-08
amzn_b09pdlbfky,https://www.amazon.com/dp/B09PDLBFKY/,B09PDLBFKY,"6 Ft Surge Protector Power Strip - 8 Widely Outlets with 4 USB Ports, 3 Side Outlet Extender with 6 Feet Extension Cord, Flat Plug, Wall Mount, Desk USB Charging Station, ETL,White",best_sellers,true,Discovered from Amazon Best Sellers rank 12 on 2026-06-08
amzn_b09q3mydqh,https://www.amazon.com/dp/B09Q3MYDQH/,B09Q3MYDQH,Water Shoes for Women Men Quick-Dry Aqua Socks Swim Beach Outfits Barefoot Yoga Exercise Wear Sport Accessories Pool Camping Must Haves River Hiking Adult Youth Size,best_sellers,true,Discovered from Amazon Best Sellers rank 10 on 2026-06-08
amzn_b09qnrj8xv,https://www.amazon.com/dp/B09QNRJ8XV/,B09QNRJ8XV,"SABRE Pepper Spray with Quick Release Keychain for Self Defense – Maximum Police Strength OC Spray with UV Marking Dye, Twist Lock Safety, Finger Grip, 10‑Second Spray, 14‑ft Range, Made in USA",best_sellers,true,Discovered from Amazon Best Sellers rank 29 on 2026-06-09
amzn_b09rtvd1gf,https://www.amazon.com/dp/B09RTVD1GF/,B09RTVD1GF,"Energizer AA Batteries Alkaline Power, 32 Count Alkaline Double A Battery Pack",best_sellers,true,Discovered from Amazon Best Sellers rank 30 on 2026-06-08
amzn_b09rzs3b83,https://www.amazon.com/dp/B09RZS3B83/,B09RZS3B83,"SOJOS Retro Aviator Sunglasses for Women Men,Trendy Rectangle Womens Mens Shades Sun Glasses SJ2202",best_sellers,true,Discovered from Amazon Best Sellers rank 30 on 2026-06-08
amzn_b09v7z4tjg,https://www.amazon.com/dp/B09V7Z4TJG/,B09V7Z4TJG,"medicube Toner Pads Zero Pore Pad 2.0 | Dual-Textured Facial Pad for Exfoliation and Pore Care with 4.5% AHA Lactic Acid, 0.45% BHA Salicylic Acid | Ideal for All, Korean Skin Care, 70 Pads (1 Pack)",best_sellers,true,Discovered from Amazon Best Sellers rank 13 on 2026-06-08
amzn_b09z6q2mlc,https://www.amazon.com/dp/B09Z6Q2MLC/,B09Z6Q2MLC,"(Pack of 2) Replacement Remote Control Only for Roku TV, Compatible for TCL Roku/Hisense Roku/Onn Roku/Sharp Roku/Element Roku/Westinghouse Roku/Philips Roku Smart TVs (Not for Roku Stick and Box)",best_sellers,true,Discovered from Amazon Best Sellers rank 17 on 2026-06-08
amzn_b09ztrp3sh,https://www.amazon.com/dp/B09ZTRP3SH/,B09ZTRP3SH,"Swimming Ear Plugs for Adults,3 Pairs Waterproof Reusable Silicone Swim Earplugs for Swimming Surfing Snorkeling Showering and Water Pool,Beach,Ocean (Adults & Teens 14+)",best_sellers,true,Discovered from Amazon Best Sellers rank 21 on 2026-06-09
amzn_b0b1pddlgz,https://www.amazon.com/dp/B0B1PDDLGZ/,B0B1PDDLGZ,"Naturium The Glow Getter Multi-Oil Hydrating Body Wash, Gentle Cleanser, 16.9 oz",best_sellers,true,Discovered from Amazon Best Sellers rank 27 on 2026-06-09
amzn_b0b1pfcgz8,https://www.amazon.com/dp/B0B1PFCGZ8/,B0B1PFCGZ8,"Naturium The Smoother Glycolic Acid Exfoliating Body Wash, Soft & Smoothing Cleanser, 16.9 oz",best_sellers,true,Discovered from Amazon Best Sellers rank 27 on 2026-06-08
amzn_b0b2p4p2r4,https://www.amazon.com/dp/B0B2P4P2R4/,B0B2P4P2R4,Socomi Pink Cheesecloth Table Runner Summer Boho Rustic Gauze Dusty Pink Farmhouse 120 inch 10FT Cheese Cloth for Wedding Tea Party Baby Shower Birthday Home Decor Holiday Decorations,best_sellers,true,Discovered from Amazon Best Sellers rank 29 on 2026-06-09
amzn_b0b2rm68g2,https://www.amazon.com/dp/B0B2RM68G2/,B0B2RM68G2,"BIODANCE Bio-Collagen Real Deep Mask, Hydrating Overnight Hydrogel Face Mask, Pore Minimizing, Elasticity, Plumping, Travel Essentials & Self Care Gifts for Women, Korean Skin Care | 1.19oz(34g) x 4ea",best_sellers,true,Discovered from Amazon Best Sellers rank 18 on 2026-06-08
amzn_b0b41mysgp,https://www.amazon.com/dp/B0B41MYSGP/,B0B41MYSGP,"BAND-AID Brand Travel Ready Portable Emergency First Aid Kit, Minor Wound Care, Perfect for Home, Car, Camping, Travel & Outdoor Essentials, Supplies Include Bandages, Neosporin & Tylenol, 80 Piece",best_sellers,true,Discovered from Amazon Best Sellers rank 10 on 2026-06-09
amzn_b0b56chmsc,https://www.amazon.com/dp/B0B56CHMSC/,B0B56CHMSC,"Lifewit Medium Lunch Bag, Insulated Lunch Box, Soft Cooler Cooling Tote for Adult Men Women, Black 12-Can (9L)",best_sellers,true,Discovered from Amazon Best Sellers rank 20 on 2026-06-08
amzn_b0b6plg6g2,https://www.amazon.com/dp/B0B6PLG6G2/,B0B6PLG6G2,"Air Fryer Paper Liners, 125Pcs Parchment Paper, Air Fryer Liners Disposable for Microwave, Non-Stick Air Fryer Liner Square Free of Bleach (8IN)",best_sellers,true,Discovered from Amazon Best Sellers rank 18 on 2026-06-08
amzn_b0b7cchpxk,https://www.amazon.com/dp/B0B7CCHPXK/,B0B7CCHPXK,"200 Pack Card Sleeves Hard Plastic, Arjiekwei 3""X4"" Baseball Cards Protectors Plastic, Premium Card Holder for Trading Sports Baseball Football Game Cards (100 Rigid + 100 Clear)",best_sellers,true,Discovered from Amazon Best Sellers rank 16 on 2026-06-09
amzn_b0b9t4kcv7,https://www.amazon.com/dp/B0B9T4KCV7/,B0B9T4KCV7,"Nalgene 32 oz Wide Mouth Water Bottle | BPA-Free, Durable & Leak Proof, Lightweight Bottle for Hiking & Gym, Work & Travel",best_sellers,true,Discovered from Amazon Best Sellers rank 30 on 2026-06-09
amzn_b0bb3jgbh5,https://www.amazon.com/dp/B0BB3JGBH5/,B0BB3JGBH5,"Quilted Northern Ultra Plush Toilet Paper, 6 Mega Rolls = 24 Regular Rolls, 3X Thicker*, 3 Ply Soft Toilet Tissue",best_sellers,true,Discovered from Amazon Best Sellers rank 15 on 2026-06-08
amzn_b0bjmv9bxj,https://www.amazon.com/dp/B0BJMV9BXJ/,B0BJMV9BXJ,"Tide PODS laundry detergent pacs, 3-in-1 Stain Remover, Odor Fighter, Color Protector, 112 Count, HE compatible, Spring Meadow Scent",best_sellers,true,Discovered from Amazon Best Sellers rank 27 on 2026-06-08
amzn_b0bltynjck,https://www.amazon.com/dp/B0BLTYNJCK/,B0BLTYNJCK,"TESSAN Surge Protector Power Strip, 5 Ft Flat Plug Extension Cord with 3 USB (1 USB C) 8 Outlets, 1250W, 900J Protection, 3 Sided Outlet Extender with Power Switch for Office, Dorm Room, Grey",best_sellers,true,Discovered from Amazon Best Sellers rank 21 on 2026-06-08
amzn_b0bp9snvh9,https://www.amazon.com/dp/B0BP9SNVH9/,B0BP9SNVH9,"Amazon Fire TV Stick 4K Max (newest model), streaming device, with AI-powered Fire TV Search, supports Wi-Fi 6E, free & live TV without cable or satellite, find shows faster with Alexa+",best_sellers,true,Discovered from Amazon Best Sellers rank 24 on 2026-06-08
amzn_b0bs1prc4l,https://www.amazon.com/dp/B0BS1PRC4L/,B0BS1PRC4L,"Sony WH-CH520 Wireless Headphones Bluetooth On-Ear Headset with Microphone and up to 50 Hours Battery Life with Quick Charging, Black",best_sellers,true,Discovered from Amazon Best Sellers rank 19 on 2026-06-08
amzn_b0bt51d747,https://www.amazon.com/dp/B0BT51D747/,B0BT51D747,Wrangler Authentics Men's Classic Cargo Stretch Short,best_sellers,true,Discovered from Amazon Best Sellers rank 17 on 2026-06-08
amzn_b0btlxz8fh,https://www.amazon.com/dp/B0BTLXZ8FH/,B0BTLXZ8FH,"Rantizon Swim Goggles 2 Pack, Wide View Anti Fog&UV Swimming Goggles for Audlt, No Leaking Swim Glasses for Men Women Kids",best_sellers,true,Discovered from Amazon Best Sellers rank 17 on 2026-06-09
amzn_b0bv241h3f,https://www.amazon.com/dp/B0BV241H3F/,B0BV241H3F,COOFANDY Men's Linen Shirts Short Sleeve Casual Shirts Button Down Shirt for Men Beach Summer Wedding Shirt,best_sellers,true,Discovered from Amazon Best Sellers rank 12 on 2026-06-08
amzn_b0bzycjk89,https://www.amazon.com/dp/B0BZYCJK89/,B0BZYCJK89,"Owala FreeSip Insulated Stainless Steel Water Bottle with Straw, BPA-Free Sports Water Bottle, Great for Travel, 24 Oz, Denim",best_sellers,true,Discovered from Amazon Best Sellers rank 1 on 2026-06-08
amzn_b0c2cy22b8,https://www.amazon.com/dp/B0C2CY22B8/,B0C2CY22B8,"Amazon Basics Everyday Disposable Paper Plates, 8.62 Inch, Microwave-Safe, Cut Resistant, Soak-Proof, 100 Count, Packaging May Vary",best_sellers,true,Discovered from Amazon Best Sellers rank 30 on 2026-06-08
amzn_b0c2z4l3s6,https://www.amazon.com/dp/B0C2Z4L3S6/,B0C2Z4L3S6,"Zip Ties Assorted Sizes(4”+6”+8”+12”), 400 Pack, Black Cable Ties, UV Resistant Wire Ties by ANOSON",best_sellers,true,Discovered from Amazon Best Sellers rank 27 on 2026-06-08
amzn_b0c3qz7snf,https://www.amazon.com/dp/B0C3QZ7SNF/,B0C3QZ7SNF,"Cisily Sponge Holder for Kitchen Sink, Sink Caddy Organizer with High Brush Holder, Kitchen Countertop Organizers and Storage Essentials, Rustproof 304 Stainless Steel (Black, 9.25″)",best_sellers,true,Discovered from Amazon Best Sellers rank 22 on 2026-06-08
amzn_b0c5bwrmql,https://www.amazon.com/dp/B0C5BWRMQL/,B0C5BWRMQL,"Bonsenkitchen Vacuum Sealer Rolls Bags, 6 Pack 3 Rolls 11"" x 20' + 3 Rolls 8"" x 20' Commercial Grade BPA Free Bag Rolls, Durable Customized Size Food Vac Bags for Storage and Sous Vide Cooking VB3211",best_sellers,true,Discovered from Amazon Best Sellers rank 29 on 2026-06-08
amzn_b0c5zrqs2x,https://www.amazon.com/dp/B0C5ZRQS2X/,B0C5ZRQS2X,KuaiLu Flip Flops for Women with Arch Support Yoga Mat Comfortable Summer Beach Walking Thong Cushion Sandals Slip On Indoor Outdoor,best_sellers,true,Discovered from Amazon Best Sellers rank 18 on 2026-06-08
amzn_b0c6y8nyk1,https://www.amazon.com/dp/B0C6Y8NYK1/,B0C6Y8NYK1,"Air Fryer Paper Liners, 125Pcs Air Fryer Disposable Liners, Non-Stick and Oil Proof for Easy Cleanup, 8” Square for 5-8 qt Basket by Baker's Signature",best_sellers,true,Discovered from Amazon Best Sellers rank 30 on 2026-06-08
amzn_b0cbm682sq,https://www.amazon.com/dp/B0CBM682SQ/,B0CBM682SQ,"Pureegg Plastic Table Cloth 10 Pack, 54 x 108 Inch Disposable Table Cloths for Party, Picnic and Wedding, Rectangle, White",best_sellers,true,Discovered from Amazon Best Sellers rank 9 on 2026-06-08
amzn_b0cfpjyx7p,https://www.amazon.com/dp/B0CFPJYX7P/,B0CFPJYX7P,"Amazon Kindle Paperwhite 16GB (newest model) – 20% faster, with new 7"" glare-free display and weeks of battery life – Black",best_sellers,true,Discovered from Amazon Best Sellers rank 15 on 2026-06-08
amzn_b0cfyybhk3,https://www.amazon.com/dp/B0CFYYBHK3/,B0CFYYBHK3,Lincoln Wheat Cent 1909 S VDB Design 1 oz Pure .999 Copper Round Collectible Jumbo 39mm Coin in Capsule - COA by Heavenly Metals,best_sellers,true,Discovered from Amazon Best Sellers rank 16 on 2026-06-08
amzn_b0chn5d13p,https://www.amazon.com/dp/B0CHN5D13P/,B0CHN5D13P,Liquid I.V.® Hydration Multiplier - Popsicle Firecracker | Electrolyte Powder Drink Mix | 1 Pack (16 Servings),best_sellers,true,Discovered from Amazon Best Sellers rank 21 on 2026-06-08
amzn_b0cjf94m8j,https://www.amazon.com/dp/B0CJF94M8J/,B0CJF94M8J,"TrendPlain 16oz/470ml Glass Olive Oil Sprayer for Cooking – 2 in 1 Olive Oil Dispenser Bottle for Kitchen Gadgets and Air Fryer Accessories, Salad, BBQ - Black",best_sellers,true,Discovered from Amazon Best Sellers rank 10 on 2026-06-08
amzn_b0ckkldzm8,https://www.amazon.com/dp/B0CKKLDZM8/,B0CKKLDZM8,"One Beat 10Ft Extension Cord with Multiple Outlets,Flat Plug Power Strip Surge Protector with 10 Ft Long Cord,6 Outlet 4 USB Ports (2USB C),Multi Outlet Wall Plug for Travel,College,Dorm Essentials",best_sellers,true,Discovered from Amazon Best Sellers rank 25 on 2026-06-08
amzn_b0cm4nxmv2,https://www.amazon.com/dp/B0CM4NXMV2/,B0CM4NXMV2,"Cottonelle Ultra Clean Toilet Paper with Active CleaningRipples Texture, Strong Bath Tissue, 24 Family Mega Rolls = 132 Regular Rolls (4 Packs of 6)",best_sellers,true,Discovered from Amazon Best Sellers rank 25 on 2026-06-08
amzn_b0cnvcqzg1,https://www.amazon.com/dp/B0CNVCQZG1/,B0CNVCQZG1,"Amazon Kindle 16 GB (newest model) - Lightest and most compact Kindle, now with faster page turns, and higher contrast ratio, for an enhanced reading experience - Matcha",best_sellers,true,Discovered from Amazon Best Sellers rank 23 on 2026-06-08
amzn_b0cp4xy9qc,https://www.amazon.com/dp/B0CP4XY9QC/,B0CP4XY9QC,"YARRAMATE 16oz/470ml Glass Olive Oil Sprayer for Cooking with Stickers, 2 in 1 Oil Dispenser for Kitchen Gadgets, Food Grade Premium Spray Bottle with Portion Control for Salad, Frying, BBQ (Black)",best_sellers,true,Discovered from Amazon Best Sellers rank 17 on 2026-06-08
amzn_b0cqf6t2k1,https://www.amazon.com/dp/B0CQF6T2K1/,B0CQF6T2K1,"Roku TV Remote Control (Official Manufacturer Product) - Simple Setup, & Pre-Set App Shortcuts - Replacement Remote Compatible with RokuTV Models ONLY (Not Roku Players)",best_sellers,true,Discovered from Amazon Best Sellers rank 13 on 2026-06-08
amzn_b0cqmrkrv5,https://www.amazon.com/dp/B0CQMRKRV5/,B0CQMRKRV5,"Amazon Fire TV Stick HD, free and live TV, Alexa Voice Remote, smart home controls, HD streaming",best_sellers,true,Discovered from Amazon Best Sellers rank 14 on 2026-06-08
amzn_b0crmp3rqt,https://www.amazon.com/dp/B0CRMP3RQT/,B0CRMP3RQT,STANLEY Quencher H2.0 Tumbler with Handle and Straw 40 oz | Flowstate 3-Position Lid | Cup Holder Compatible for Travel | Insulated Stainless Steel Cup | BPA-Free | Peony,best_sellers,true,Discovered from Amazon Best Sellers rank 20 on 2026-06-08
amzn_b0crqjnffh,https://www.amazon.com/dp/B0CRQJNFFH/,B0CRQJNFFH,2026 - American Silver Eagle 1 oz Bullion Coin with Certificate of Authenticity $1 Seller Uncirculated,best_sellers,true,Discovered from Amazon Best Sellers rank 34 on 2026-06-08
amzn_b0cyjbb2jq,https://www.amazon.com/dp/B0CYJBB2JQ/,B0CYJBB2JQ,"bella 2 Slice Slim Toaster, Fits-anywhere™ Kitchenware, 6 Setting Shade Control with Reheat & Cancel Buttons, Fits sourdough, 10” Long Slot, Anti Jam & Auto Shutoff, 900 Watt, Oatmilk",best_sellers,true,Discovered from Amazon Best Sellers rank 7 on 2026-06-08
amzn_b0d24shzrh,https://www.amazon.com/dp/B0D24SHZRH/,B0D24SHZRH,1909-1958 US Mint Wheat Penny Shot Gun Roll w/Indian Head Cent End Penny Seller Good or Better,best_sellers,true,Discovered from Amazon Best Sellers rank 13 on 2026-06-08
amzn_b0d2wxyw14,https://www.amazon.com/dp/B0D2WXYW14/,B0D2WXYW14,Outdoor Wide Brim Sun Hat with 2 Solar Fan Sun Bucket Hat for Men Women UPF 50+ Bucket Fishing & Beach Hat with Fan Built in,best_sellers,true,Discovered from Amazon Best Sellers rank 24 on 2026-06-09
amzn_b0d5tqjxrn,https://www.amazon.com/dp/B0D5TQJXRN/,B0D5TQJXRN,"34000Pcs Resin Jelly Rhinestones for Bedazzling, Multicolor 3mm Flatback Gems for Diamond Art, Bedazzler Kit with 3Pcs 10ml B7000 Jewelry Glue for Bedazzle Thing Crafting Book Nail Art",best_sellers,true,Discovered from Amazon Best Sellers rank 28 on 2026-06-08
amzn_b0d6c6gs58,https://www.amazon.com/dp/B0D6C6GS58/,B0D6C6GS58,"HydroJug Traveler - 32 oz Water Bottle with Handle & Flip Straw - Fits in Cup Holder, Leak Resistant Tumbler-Reusable Insulated Stainless Steel & Rubber Base - Gifts for Women & Men, Pink Sand",best_sellers,true,Discovered from Amazon Best Sellers rank 21 on 2026-06-08
amzn_b0d8fjvtbg,https://www.amazon.com/dp/B0D8FJVTBG/,B0D8FJVTBG,OEAK Womens Deep V Bras Wireless Comfortable Bra Supportive No Underwire Bras Tshirt Push Up Bralettes Plunge Seamless Bra,best_sellers,true,Discovered from Amazon Best Sellers rank 16 on 2026-06-08
amzn_b0d8j2zb8p,https://www.amazon.com/dp/B0D8J2ZB8P/,B0D8J2ZB8P,"POWCAN 26 oz Insulated Water Bottle with 2-in-1 Straw and Spout Lid, Keep Cold 24H, Leak-Proof, Fits in Car Cup Holder, Stainless Steel Water Bottle for Sports, Travel, and School (Dark Knight)",best_sellers,true,Discovered from Amazon Best Sellers rank 24 on 2026-06-08
amzn_b0d8psdmyh,https://www.amazon.com/dp/B0D8PSDMYH/,B0D8PSDMYH,"DOQAUS Ice Cube Tray with Lid and Bin - 4 Pack Silicone Ice Cube Trays for Freezer, Stackable Ice Bucket Kits with Storage Container & Scoop for Kitchen, RV, Cocktail, Coffee",best_sellers,true,Discovered from Amazon Best Sellers rank 25 on 2026-06-08
amzn_b0d8w1yvbx,https://www.amazon.com/dp/B0D8W1YVBX/,B0D8W1YVBX,"EQQUALBERRY Vitamin Illuminating Serum | Niacinamide 4% & TXA | Brightening Vitamin C Serum for Face Glow with Hyaluronic Acid | Dark Spot & Uneven Tone Care | Korean Skincare, 1.01 fl oz",best_sellers,true,Discovered from Amazon Best Sellers rank 23 on 2026-06-08
amzn_b0dch8vdxf,https://www.amazon.com/dp/B0DCH8VDXF/,B0DCH8VDXF,"Apple EarPods Headphones with USB-C Plug, Wired Ear Buds with Built-in Remote to Control Music, Phone Calls, and Volume",best_sellers,true,Discovered from Amazon Best Sellers rank 8 on 2026-06-08
amzn_b0ddzn76t9,https://www.amazon.com/dp/B0DDZN76T9/,B0DDZN76T9,"Replacement for Samsung TV Remote, for All 2019-2026 Samsung Remote Control for Smart TV with Voice Control. 2-Year Warranty.",best_sellers,true,Discovered from Amazon Best Sellers rank 30 on 2026-06-08
amzn_b0df472vmz,https://www.amazon.com/dp/B0DF472VMZ/,B0DF472VMZ,"Owala SmoothSip Slider Insulated Stainless Steel Coffee Tumbler, Reusable Iced Coffee Cup, Hot Coffee Travel Mug, BPA Free 12 oz, Vanilla Bean",best_sellers,true,Discovered from Amazon Best Sellers rank 8 on 2026-06-08
amzn_b0df8rsvjk,https://www.amazon.com/dp/B0DF8RSVJK/,B0DF8RSVJK,"Scott Paper Towels, Choose-A-Sheet, 6 Double Rolls = 12 Regular Rolls (108 Sheets Per Roll)",best_sellers,true,Discovered from Amazon Best Sellers rank 24 on 2026-06-08
amzn_b0dg4wxbcf,https://www.amazon.com/dp/B0DG4WXBCF/,B0DG4WXBCF,"MEDITHERAPY Retinal Skin Booster Serum | Retinaldehyde, Niacinamide Anti-Aging Serum - K-Beauty Facial Serum for Fine Lines, Firming & Radiance | Hydrating Face Serum All Skin Types, 5.07 fl oz",best_sellers,true,Discovered from Amazon Best Sellers rank 21 on 2026-06-08
amzn_b0dghmnq5z,https://www.amazon.com/dp/B0DGHMNQ5Z/,B0DGHMNQ5Z,"Apple AirPods 4 Wireless Earbuds, Bluetooth Headphones, Personalized Spatial Audio, Sweat and Water Resistant, USB-C Charging Case, H2 Chip, Up to 30 Hours of Battery Life, Effortless Setup for iPhone",best_sellers,true,Discovered from Amazon Best Sellers rank 10 on 2026-06-08
amzn_b0dht5xzr1,https://www.amazon.com/dp/B0DHT5XZR1/,B0DHT5XZR1,Callaway Golf Supersoft Golf Balls (2025),best_sellers,true,Discovered from Amazon Best Sellers rank 7 on 2026-06-09
amzn_b0dj1g4nwg,https://www.amazon.com/dp/B0DJ1G4NWG/,B0DJ1G4NWG,CHICME Women Built-in Bra Tank Tops Sleeveless Casual Shirts Racerback Ribbed Fitted Tank Tops,best_sellers,true,Discovered from Amazon Best Sellers rank 24 on 2026-06-08
amzn_b0djjmw21w,https://www.amazon.com/dp/B0DJJMW21W/,B0DJJMW21W,ANRABESS Womens Short Sleeve Henley Tops V Neck Dressy Casual Blouses Summer Trendy Tee Shirts 2026 Vacation Fashion Clothes,best_sellers,true,Discovered from Amazon Best Sellers rank 19 on 2026-06-08
amzn_b0dphqrljc,https://www.amazon.com/dp/B0DPHQRLJC/,B0DPHQRLJC,"eos Body Wash, Vanilla, Moisturizing Creamy Gel Formula with Shea Butter, Glycerin, Vitamin E, pH Balanced, Sensitive Skin, Vegan, 16 fl oz",best_sellers,true,Discovered from Amazon Best Sellers rank 12 on 2026-06-08
amzn_b0dqq1yhjd,https://www.amazon.com/dp/B0DQQ1YHJD/,B0DQQ1YHJD,Keary 2 Pack Kids Swim Goggles for 3-15 UV Protection Anti-Fog Pool Water Swimming Goggles for Boys Girls Youth Toddler,best_sellers,true,Discovered from Amazon Best Sellers rank 26 on 2026-06-09
amzn_b0dqyr6x8r,https://www.amazon.com/dp/B0DQYR6X8R/,B0DQYR6X8R,"Bounty Select-A-Size Paper Towels, White, 2 Triple Rolls = 6 Regular Rolls",best_sellers,true,Discovered from Amazon Best Sellers rank 11 on 2026-06-08
amzn_b0dr8lz4mk,https://www.amazon.com/dp/B0DR8LZ4MK/,B0DR8LZ4MK,"AEOCOO Puddle Float Jumper 20-30-50-60-70 Pounds, Toddler Swim Vest for 1-3-5-6-9 Years Old, Pool Floats with Swimming Arm Floaties Swim Jacket & Water Wings for Kids Swimmies, Boys, Girls, Niños",best_sellers,true,Discovered from Amazon Best Sellers rank 14 on 2026-06-09
amzn_b0dr9gn2pm,https://www.amazon.com/dp/B0DR9GN2PM/,B0DR9GN2PM,"Owala FreeSip Insulated Stainless Steel Water Bottle with Straw for Sports and Travel, BPA-Free Sports Water Bottle, 24 oz, Pink, Angel Food Cake",best_sellers,true,Discovered from Amazon Best Sellers rank 19 on 2026-06-08
amzn_b0dr9s2dqr,https://www.amazon.com/dp/B0DR9S2DQR/,B0DR9S2DQR,STANLEY Quencher ProTour Flip Straw Tumbler with Leakproof Lid 40 oz | Built-In Straw and Handle | Cup Holder Compatible for Travel | Insulated Stainless Steel Cup | BPA-Free | Dried Pine VRT,best_sellers,true,Discovered from Amazon Best Sellers rank 19 on 2026-06-08
amzn_b0dt9bg2ng,https://www.amazon.com/dp/B0DT9BG2NG/,B0DT9BG2NG,"G Gradual Men's Athletic Running Shorts with Zipper Pockets Quick Dry 7""/ 5""/ 9"" Workout Gym Shorts for Basketball Hiking",best_sellers,true,Discovered from Amazon Best Sellers rank 29 on 2026-06-08
amzn_b0dvbl912r,https://www.amazon.com/dp/B0DVBL912R/,B0DVBL912R,Amazon Business Card,best_sellers,true,Discovered from Amazon Best Sellers rank 37 on 2026-06-08
amzn_b0dxxys4bj,https://www.amazon.com/dp/B0DXXYS4BJ/,B0DXXYS4BJ,"Roku Streaming Stick HD — HD Streaming Device for TV with Roku Voice Remote, Free & Live TV",best_sellers,true,Discovered from Amazon Best Sellers rank 8 on 2026-06-08
amzn_b0dz254ssr,https://www.amazon.com/dp/B0DZ254SSR/,B0DZ254SSR,"10Ft Extension Cord with Multiple Outlets, Flat Plug Surge Protector Power Strip 10 Ft Long Cord, 8 Outlets & 4 USB Ports (2 USB C), Desk Charging Station for Home Office, College Dorm Room Essentials",best_sellers,true,Discovered from Amazon Best Sellers rank 20 on 2026-06-08
amzn_b0dz69n6fr,https://www.amazon.com/dp/B0DZ69N6FR/,B0DZ69N6FR,OEAK Women Jelly Bras No Underwire Scalloped Push Up Buttery Soft Tshirt Bra Seamless Full Coverage Convertible Everyday Bra,best_sellers,true,Discovered from Amazon Best Sellers rank 2 on 2026-06-08
amzn_b0dz75tn5f,https://www.amazon.com/Apple-iPad-11-inch-Display-All-Day/dp/B0DZ75TN5F/,B0DZ75TN5F,Apple iPad 11-inch A16 128GB Wi-Fi Blue,tablet,true,First validated product target
amzn_b0f291vch4,https://www.amazon.com/dp/B0F291VCH4/,B0F291VCH4,1795 Liberty of the Americas Peace Coin Replica Set with Exquisite Relief Design - Rare Antique American Silver Dollar Collector's Item Historical Coin Enthusiast Gift Artistic Souvenir(1PCS,best_sellers,true,Discovered from Amazon Best Sellers rank 27 on 2026-06-08
amzn_b0f294wfqv,https://www.amazon.com/dp/B0F294WFQV/,B0F294WFQV,CoinsHistorical CoinsAmazon Silver CoinsBitcoinsRare U.S. CoinsApplicable GiftsPartiesArt ReproductionsCollectiblesMemorabiliaCollectorsGifts1900 (1PCS),best_sellers,true,Discovered from Amazon Best Sellers rank 20 on 2026-06-08
amzn_b0f5x4fm3q,https://www.amazon.com/dp/B0F5X4FM3Q/,B0F5X4FM3Q,"0.5 Sec Instant Read Meat Thermometer Digital with ±0.5℉ Precision, Food Thermometer for Cooking Kitchen Gadgets, Oven Grill Candy BBQ Essentials Accessories, Gifts for Him Dad Men Birthday, Red",best_sellers,true,Discovered from Amazon Best Sellers rank 14 on 2026-06-08
amzn_b0f6vkz4fb,https://www.amazon.com/dp/B0F6VKZ4FB/,B0F6VKZ4FB,LetsJoli Bras for Women Supportive Wireless Push Up Bra Full Coverage No Underwire Seamless Plus Size for Older Women,best_sellers,true,Discovered from Amazon Best Sellers rank 6 on 2026-06-08
amzn_b0f7z4qztt,https://www.amazon.com/dp/B0F7Z4QZTT/,B0F7Z4QZTT,"Amazon Fire TV Stick 4K Plus (newest model) with AI-powered Fire TV Search, Wi-Fi 6, stream hundreds of thousands of movies and shows, free & live TV, find shows faster with Alexa+",best_sellers,true,Discovered from Amazon Best Sellers rank 11 on 2026-06-08
amzn_b0f9km51v2,https://www.amazon.com/dp/B0F9KM51V2/,B0F9KM51V2,250th Anniversary U.S. Army Commemorative Coin Double-Sided High Relief Design 1775-2025 Military Collector Coin Veteran Gift Patriotic Metal Challenge Coin (Army),best_sellers,true,Discovered from Amazon Best Sellers rank 32 on 2026-06-08
amzn_b0fbggcyr4,https://www.amazon.com/dp/B0FBGGCYR4/,B0FBGGCYR4,OEAK Womens Wireless Jelly Bra Plus Size Supportive Seamless Bras Full Coverage Push Up Comfortable No Underwire Tshirt Bras,best_sellers,true,Discovered from Amazon Best Sellers rank 17 on 2026-06-08
amzn_b0fdkx81rq,https://www.amazon.com/dp/B0FDKX81RQ/,B0FDKX81RQ,"Navy 250th Anniversary Coin US 250th Commemorative Double-Sided Challenge Coin with Metal Gift Box Navy Challenge Coin for Veterans Marines Patriots 1.57"" Display Navy Coin",best_sellers,true,Discovered from Amazon Best Sellers rank 19 on 2026-06-08
amzn_b0fg7wxnp3,https://www.amazon.com/dp/B0FG7WXNP3/,B0FG7WXNP3,"Zeerun Weighted Vest, 6lb/8lb/10lb/12lb/15lb/18lb/20lb/24lb/30lb for Men Women, Reflective Stripe Adjustable Buckle, Comfortable Durable Rucking Vest for Walking Running Strength Training",best_sellers,true,Discovered from Amazon Best Sellers rank 35 on 2026-06-09
amzn_b0fk1c3gdw,https://www.amazon.com/dp/B0FK1C3GDW/,B0FK1C3GDW,"Owala FreeSip Sway Insulated Stainless Steel Water Bottle with Two-Way Spout, Built-In Straw and Bucket Handle, Made for Travel, School, and Sports, 40oz, BPA Free, Leak Proof, Foggy Tide",best_sellers,true,Discovered from Amazon Best Sellers rank 33 on 2026-06-09
amzn_b0fk1mwxcw,https://www.amazon.com/dp/B0FK1MWXCW/,B0FK1MWXCW,"Owala FreeSip Sway Insulated Stainless Steel Water Bottle with Two-Way Spout, Built-In Straw and Bucket Handle, Made for Travel, School, and Sports, 40oz, BPA Free, Leak Proof, Black Cherry",best_sellers,true,Discovered from Amazon Best Sellers rank 16 on 2026-06-08
amzn_b0fkgjyfc8,https://www.amazon.com/dp/B0FKGJYFC8/,B0FKGJYFC8,"Dr.Althea 345 Relief Cream | Daily Face Moisturizer for Soothing Recovery and Blemish Care with PDRN & Niacinamide | Korean Vegan Skincare for All Skin Types, 1.69 Fl Oz (Ver.2 - Pack of 1)",best_sellers,true,Discovered from Amazon Best Sellers rank 30 on 2026-06-08
amzn_b0flqkyqlm,https://www.amazon.com/dp/B0FLQKYQLM/,B0FLQKYQLM,LetsJoli Push Up Strapless Bras for Women Supportive Bandeau Bra Non Slip Wireless No Underwire Padded Tube Bra,best_sellers,true,Discovered from Amazon Best Sellers rank 13 on 2026-06-08
amzn_b0fn4nh4k8,https://www.amazon.com/dp/B0FN4NH4K8/,B0FN4NH4K8,"Angel Soft Toilet Paper, 18 Mega Rolls = 72 Regular Rolls, Soft and Strong Toilet Tissue",best_sellers,true,Discovered from Amazon Best Sellers rank 28 on 2026-06-08
amzn_b0fnc4gm8v,https://www.amazon.com/dp/B0FNC4GM8V/,B0FNC4GM8V,OFEEFAN Womens Tops Short Sleeve Shirts Buttons V Neck Spring Fashion Summer Outfits Plus Size Blouses Dressy Casual,best_sellers,true,Discovered from Amazon Best Sellers rank 4 on 2026-06-08
amzn_b0fp2b9bwd,https://www.amazon.com/dp/B0FP2B9BWD/,B0FP2B9BWD,WIHOLL Women T Shirts Pleated Short Sleeve Tops Business Casual Dressy Blouses,best_sellers,true,Discovered from Amazon Best Sellers rank 23 on 2026-06-08
amzn_b0fp5byxvr,https://www.amazon.com/dp/B0FP5BYXVR/,B0FP5BYXVR,Sampeel Wide Leg Pants for Women Flowy Palazzo Drawstring Elastic Waist Trousers with Pockets Summer Beach Vacation Clothes,best_sellers,true,Discovered from Amazon Best Sellers rank 22 on 2026-06-08
amzn_b0fqf9zx7p,https://www.amazon.com/dp/B0FQF9ZX7P/,B0FQF9ZX7P,"Apple Watch Series 11 [GPS 42mm] Smartwatch with Rose Gold Aluminum Case with Light Blush Sport Band - S/M. Sleep Score, Fitness Tracker, Health Monitoring, Always-On Display, Water Resistant",best_sellers,true,Discovered from Amazon Best Sellers rank 11 on 2026-06-08
amzn_b0fqfb8fmg,https://www.amazon.com/dp/B0FQFB8FMG/,B0FQFB8FMG,"Apple AirPods Pro 3 Wireless Earbuds, Active Noise Cancellation, Live Translation, Heart Rate Sensing, Hearing Aid Feature, Bluetooth Headphones, Spatial Audio, High-Fidelity Sound, USB-C Charging",best_sellers,true,Discovered from Amazon Best Sellers rank 12 on 2026-06-08
amzn_b0fsp32psr,https://www.amazon.com/dp/B0FSP32PSR/,B0FSP32PSR,"goodr Polarized Sunglasses, Medium Sized (OG), UV400 Protection, No Slip, No Bounce",best_sellers,true,Discovered from Amazon Best Sellers rank 28 on 2026-06-09
amzn_b0ftgjgptm,https://www.amazon.com/dp/B0FTGJGPTM/,B0FTGJGPTM,LMNT Zero Sugar Electrolytes - Variety Pack Bundle | Drink Mix | 18-Count,best_sellers,true,Discovered from Amazon Best Sellers rank 29 on 2026-06-08
amzn_b0ftss3phw,https://www.amazon.com/dp/B0FTSS3PHW/,B0FTSS3PHW,ANRABESS Tank Tops for Women V Neck Ribbed Knit Slim Fitted Sleeveless Basic Tee Tanks Casual Summer Clothes 2026,best_sellers,true,Discovered from Amazon Best Sellers rank 28 on 2026-06-08
amzn_b0g3pjt54g,https://www.amazon.com/dp/B0G3PJT54G/,B0G3PJT54G,"WUSUTE One More Game or Go to Sleep Gamer Decision Coin, Gifts for Gamer Boyfriend, Husband, Men, Gaming Accessories for Men, Game Gifts for Christmas, Valentine's Day, His Birthday",best_sellers,true,Discovered from Amazon Best Sellers rank 10 on 2026-06-08
amzn_b0g3y89lw9,https://www.amazon.com/dp/B0G3Y89LW9/,B0G3Y89LW9,"2026 Panini FIFA World Cup Sticker Collection Box – 50 Sticker Packs | Amazon Exclusive Orange Parallel | Official FIFA World Cup Trading Stickers | Collect, Trade & Complete Your Album",best_sellers,true,Discovered from Amazon Best Sellers rank 36 on 2026-06-09
amzn_b0g51xwjmv,https://www.amazon.com/dp/B0G51XWJMV/,B0G51XWJMV,USA 250th Anniversary Commemorative Zinc Alloy Coin - United States of America Liberty & Courage 1776-2026,best_sellers,true,Discovered from Amazon Best Sellers rank 29 on 2026-06-08
amzn_b0g6ld4kyv,https://www.amazon.com/dp/B0G6LD4KYV/,B0G6LD4KYV,"Final Cent Memorial Coin (1909-2025) - Last Penny Coin, Lincoln Penny Tribute, Historical Commemorative Coin for US Penny Era, Nostalgic Collector's Gift",best_sellers,true,Discovered from Amazon Best Sellers rank 14 on 2026-06-08
amzn_b0gflz774c,https://www.amazon.com/dp/B0GFLZ774C/,B0GFLZ774C,250 Anniversary Coin 250th Year American USA Anniversary Commemorative Coin Merch Merchandise with Case Collectible Gifts,best_sellers,true,Discovered from Amazon Best Sellers rank 33 on 2026-06-08
amzn_b0ggb2gbhk,https://www.amazon.com/dp/B0GGB2GBHK/,B0GGB2GBHK,"America 250th Independence Anniversary Commemorative Coin, Golden Eagle, Flag & Liberty Bell Challenge Coin USA 1776-2026, Metal Collectible Medal for Celebration & Gift",best_sellers,true,Discovered from Amazon Best Sellers rank 25 on 2026-06-08
amzn_b0gjtfxnrx,https://www.amazon.com/dp/B0GJTFXNRX/,B0GJTFXNRX,"Apple AirTag (2nd Generation): Tracker for Keychain, Wallet, and More; Locator with Sound; Simple One-Tap Setup with iPhone or iPad; Key Finder with up to 1.5X Precision Finding Range",best_sellers,true,Discovered from Amazon Best Sellers rank 9 on 2026-06-08
amzn_b0glxk1dy8,https://www.amazon.com/dp/B0GLXK1DY8/,B0GLXK1DY8,USA 250th Anniversary Coin 1776-2026 3D America 250 Merchandise for Patriotic Celebration 4th of July Independence Day Gifts for Veterans & History Lover,best_sellers,true,Discovered from Amazon Best Sellers rank 31 on 2026-06-08
amzn_b0gqjncmt4,https://www.amazon.com/dp/B0GQJNCMT4/,B0GQJNCMT4,2026 Panini FIFA World Cup Sticker Box – 25 Sticker Packs – Includes Amazon Parallel Inserts – Official Tournament Collection,best_sellers,true,Discovered from Amazon Best Sellers rank 12 on 2026-06-09
amzn_b0grkc9njp,https://www.amazon.com/dp/B0GRKC9NJP/,B0GRKC9NJP,"Oura Ring 5 Sizing Kit - Size Before You Buy Oura Ring 5 - Unique Sizing, Not Standard Ring Sizing - Receive Amazon Credit for Oura Ring 5 Purchase",best_sellers,true,Discovered from Amazon Best Sellers rank 9 on 2026-06-08
amzn_b0gs5m4xgh,https://www.amazon.com/dp/B0GS5M4XGH/,B0GS5M4XGH,"USA 250th Anniversary Commemorative Coin 1776-2026, America 250 Merchandise Patriotic Collectible Coin with Liberty Bell & Bald Eagle Design, 250 Year American Anniversary Coin for Collectors (M)",best_sellers,true,Discovered from Amazon Best Sellers rank 35 on 2026-06-08
amzn_b0gsqlp4zw,https://www.amazon.com/dp/B0GSQLP4ZW/,B0GSQLP4ZW,"US Veteran Challenge Coin – Honor, Service, Sacrifice Design with Freedom Bell & Boots, 250 Years of Freedom Metal Token",best_sellers,true,Discovered from Amazon Best Sellers rank 36 on 2026-06-08
amzn_b0gtdw2snf,https://www.amazon.com/dp/B0GTDW2SNF/,B0GTDW2SNF,"250 Years of Freedom Veteran Tribute Coin,in God We Trust Veteran Challenge Coins,We The People Commemorative Coin with Eagle Design,Christian Token Gift for for Veterans, Fathers, Husbands (10pcs)",best_sellers,true,Discovered from Amazon Best Sellers rank 8 on 2026-06-08
amzn_b0gtmtzf3v,https://www.amazon.com/dp/B0GTMTZF3V/,B0GTMTZF3V,"Google Fitbit Air - Screenless Activity Tracker with Fitness, Heart Rate, and Sleep Tracking - Personalized AI-Powered Coaching - Up to 7 Days’ Battery Life - Works with iOS and Android - Obsidian",best_sellers,true,Discovered from Amazon Best Sellers rank 9 on 2026-06-09
amzn_b0gv1nyfp4,https://www.amazon.com/dp/B0GV1NYFP4/,B0GV1NYFP4,2026 D Birth Year Coin Set in American Flag Holder - Denver Mint (D) - Dual Dated Coins - Semiquincentennial Coin Collection SemiQ Uncirculated,best_sellers,true,Discovered from Amazon Best Sellers rank 12 on 2026-06-08
amzn_b0gv1qxpdl,https://www.amazon.com/dp/B0GV1QXPDL/,B0GV1QXPDL,2026 P Birth Year Coin Set in American Flag Holder - Philadelphia Mint (P) - Dual Dated Coins - Semiquincentennial Coin Collection SemiQ Uncirculated,best_sellers,true,Discovered from Amazon Best Sellers rank 11 on 2026-06-08
amzn_b0gvccl285,https://www.amazon.com/dp/B0GVCCL285/,B0GVCCL285,"Semiquincentennial Quarters 2026 P & D Revolutionary War Quarters, 2 Coins Set",best_sellers,true,Discovered from Amazon Best Sellers rank 22 on 2026-06-08
amzn_b0gy48tlv8,https://www.amazon.com/dp/B0GY48TLV8/,B0GY48TLV8,250th Anniversary Collectible $2 Bill | Independence Day 2 Dollar Bill Uncirculated Commemorative Replica for Collectible Display,best_sellers,true,Discovered from Amazon Best Sellers rank 28 on 2026-06-08
amzn_b0gylfntcr,https://www.amazon.com/dp/B0GYLFNTCR/,B0GYLFNTCR,"U.S. Veteran Challenge Coin with 250 Years of Freedom Tribute, Patriotic High Relief Keepsake for Veterans & Proud Americans",best_sellers,true,Discovered from Amazon Best Sellers rank 21 on 2026-06-08
amzn_b0gznklc5y,https://www.amazon.com/dp/B0GZNKLC5Y/,B0GZNKLC5Y,"1776-2026 Patriotic Collectible Coin, Double-Sided Eagle Style Challenge Token, Decorative Keepsake Gift for Collectors, Veterans and Display Cases (20PC)",best_sellers,true,Discovered from Amazon Best Sellers rank 24 on 2026-06-08
amzn_b0h11tw4r8,https://www.amazon.com/dp/B0H11TW4R8/,B0H11TW4R8,250 Anniversary 2 Dollar Bill - Independence Day $2 Bill - 1776-2026 Medallion Coin Uncirculated Commemorative Coin,best_sellers,true,Discovered from Amazon Best Sellers rank 7 on 2026-06-08
amzn_b0h2mv8nk8,https://www.amazon.com/dp/B0H2MV8NK8/,B0H2MV8NK8,"DD-214 Veteran Pride Coin, My DD-214 is My Contribution Commemorative Coin, 250 Years of American History Challenge Token, Pride Gift for Veterans Retired Service Members Patriotic Americans (1PC)",best_sellers,true,Discovered from Amazon Best Sellers rank 18 on 2026-06-08
